---,Location,Zone
0,"(X=-1646.459961,Y=616.780029,Z=354.149994)",West River
1,"(X=812.559021,Y=475.127014,Z=354.149994)",West River
